Error: 504, OrgUUID: 170926C1-A88F-4869-913D-84FB2A7DA745, FacID: 82
Error: 504, OrgUUID: 062DDFE6-612E-4694-A7BE-904F59D39648, FacID: 29
Error: 401, OrgUUID: E054F312-6AC7-4C32-997A-5692F22405EC, FacID: 2
Error: 401, OrgUUID: E054F312-6AC7-4C32-997A-5692F22405EC, FacID: 4
Error: 401, OrgUUID: E054F312-6AC7-4C32-997A-5692F22405EC, FacID: 6
Error: 401, OrgUUID: E054F312-6AC7-4C32-997A-5692F22405EC, FacID: 10
Error: 401, OrgUUID: 220CA4AB-FB14-4F3F-B348-AB6FA38BF861, FacID: 1
Error: 401, OrgUUID: 130D9218-7EFB-4516-B5F6-45FDFBF84F58, FacID: 42
Error: 401, OrgUUID: 130D9218-7EFB-4516-B5F6-45FDFBF84F58, FacID: 43
Error: 401, OrgUUID: 130D9218-7EFB-4516-B5F6-45FDFBF84F58, FacID: 44
Error: 401, OrgUUID: 130D9218-7EFB-4516-B5F6-45FDFBF84F58, FacID: 45
Error: 401, OrgUUID: 7689A674-F852-4317-96FD-91F40620F4D5, FacID: 67
Error: 401, OrgUUID: 7689A674-F852-4317-96FD-91F40620F4D5, FacID: 69
Error: 401, OrgUUID: 7689A674-F852-4317-96FD-91F40620F4D5, FacID: 70
Error: 401, OrgUUID: 7689A674-F852-4317-96FD-91F40620F4D5, FacID: 71
Error: 401, OrgUUID: 7689A674-F852-4317-96FD-91F40620F4D5, FacID: 72
Error: 401, OrgUUID: 775FA799-D481-43E3-AF04-64FFDB7DC4F7, FacID: 3
Error: 401, OrgUUID: 8E449B43-3D44-4AE3-B6F4-6D21136C8DAA, FacID: 61
Error: 401, OrgUUID: 8E449B43-3D44-4AE3-B6F4-6D21136C8DAA, FacID: 62
Error: 401, OrgUUID: 4559BAF9-AFDD-4CC2-B21C-CB4CFD27D27A, FacID: 1
Error: 401, OrgUUID: 62114B55-1FD0-449B-A8FA-4DBFB777D3CF, FacID: 290
Error: 401, OrgUUID: 62114B55-1FD0-449B-A8FA-4DBFB777D3CF, FacID: 294
Error: 401, OrgUUID: 62114B55-1FD0-449B-A8FA-4DBFB777D3CF, FacID: 295
Error: 401, OrgUUID: D3EDEA01-F3AA-4390-BBE8-0F53326ADECB, FacID: 36
Error: 401, OrgUUID: 5A66ABA4-5121-49A0-B0F7-EF040A8A6E10, FacID: 32
Error: 401, OrgUUID: 5A66ABA4-5121-49A0-B0F7-EF040A8A6E10, FacID: 33
Error: 401, OrgUUID: 5A66ABA4-5121-49A0-B0F7-EF040A8A6E10, FacID: 34
Error: 401, OrgUUID: 5A66ABA4-5121-49A0-B0F7-EF040A8A6E10, FacID: 35
Error: 401, OrgUUID: 5A66ABA4-5121-49A0-B0F7-EF040A8A6E10, FacID: 36
Error: 401, OrgUUID: 5A66ABA4-5121-49A0-B0F7-EF040A8A6E10, FacID: 37
Error: 401, OrgUUID: 5A66ABA4-5121-49A0-B0F7-EF040A8A6E10, FacID: 38
Error: 401, OrgUUID: 5A66ABA4-5121-49A0-B0F7-EF040A8A6E10, FacID: 14
Error: 401, OrgUUID: 5A66ABA4-5121-49A0-B0F7-EF040A8A6E10, FacID: 19
Error: 401, OrgUUID: 5A66ABA4-5121-49A0-B0F7-EF040A8A6E10, FacID: 28
Error: 401, OrgUUID: 5A66ABA4-5121-49A0-B0F7-EF040A8A6E10, FacID: 29
Error: 401, OrgUUID: 5A66ABA4-5121-49A0-B0F7-EF040A8A6E10, FacID: 30
Error: 401, OrgUUID: 5A66ABA4-5121-49A0-B0F7-EF040A8A6E10, FacID: 31
Error: 401, OrgUUID: 05FA0CF9-902F-4E0B-A9EB-B7060E7035BD, FacID: 8
Error: 401, OrgUUID: 05FA0CF9-902F-4E0B-A9EB-B7060E7035BD, FacID: 9
Error: 401, OrgUUID: 0C465DCD-58F0-4EAE-B1EA-DB6A515E2F58, FacID: 20
Error: 401, OrgUUID: 0C465DCD-58F0-4EAE-B1EA-DB6A515E2F58, FacID: 6
Error: 401, OrgUUID: 0C465DCD-58F0-4EAE-B1EA-DB6A515E2F58, FacID: 22
Error: 401, OrgUUID: 0C465DCD-58F0-4EAE-B1EA-DB6A515E2F58, FacID: 25
Error: 401, OrgUUID: 0C465DCD-58F0-4EAE-B1EA-DB6A515E2F58, FacID: 10
Error: 401, OrgUUID: 0C465DCD-58F0-4EAE-B1EA-DB6A515E2F58, FacID: 12
Error: 401, OrgUUID: C25BD54B-7182-4FCB-B5D5-9C51621F1B4F, FacID: 2
Error: 401, OrgUUID: 9A1F76F6-01D7-4166-8989-9DFDE687AE47, FacID: 1
Error: 401, OrgUUID: 9A1F76F6-01D7-4166-8989-9DFDE687AE47, FacID: 2
Error: 401, OrgUUID: 9A1F76F6-01D7-4166-8989-9DFDE687AE47, FacID: 3
Error: 401, OrgUUID: 5FD8C0CE-B257-4807-AFA1-B6198CA3128F, FacID: 2
Error: 401, OrgUUID: 42920C0D-A4DF-49EE-B285-AB56FC36BA7C, FacID: 64
Error: 401, OrgUUID: 42920C0D-A4DF-49EE-B285-AB56FC36BA7C, FacID: 65
Error: 401, OrgUUID: 42920C0D-A4DF-49EE-B285-AB56FC36BA7C, FacID: 66
Error: 401, OrgUUID: 42920C0D-A4DF-49EE-B285-AB56FC36BA7C, FacID: 68
Error: 401, OrgUUID: 42920C0D-A4DF-49EE-B285-AB56FC36BA7C, FacID: 52
Error: 401, OrgUUID: 42920C0D-A4DF-49EE-B285-AB56FC36BA7C, FacID: 53
Error: 401, OrgUUID: 42920C0D-A4DF-49EE-B285-AB56FC36BA7C, FacID: 54
Error: 401, OrgUUID: 42920C0D-A4DF-49EE-B285-AB56FC36BA7C, FacID: 57
Error: 401, OrgUUID: 42920C0D-A4DF-49EE-B285-AB56FC36BA7C, FacID: 59
Error: 401, OrgUUID: 42920C0D-A4DF-49EE-B285-AB56FC36BA7C, FacID: 60
Error: 401, OrgUUID: 42920C0D-A4DF-49EE-B285-AB56FC36BA7C, FacID: 61
Error: 401, OrgUUID: 42920C0D-A4DF-49EE-B285-AB56FC36BA7C, FacID: 62
Error: 401, OrgUUID: 42920C0D-A4DF-49EE-B285-AB56FC36BA7C, FacID: 63
Error: 401, OrgUUID: E5A8FEA1-59C4-4687-A65A-3DA0BED88383, FacID: 80
Error: 401, OrgUUID: E5A8FEA1-59C4-4687-A65A-3DA0BED88383, FacID: 82
Error: 401, OrgUUID: E5A8FEA1-59C4-4687-A65A-3DA0BED88383, FacID: 73
Error: 401, OrgUUID: F7B38146-62BD-4D96-94AC-FED0004810EC, FacID: 2
Error: 401, OrgUUID: F7B38146-62BD-4D96-94AC-FED0004810EC, FacID: 3
Error: 401, OrgUUID: 5E65010F-3557-4C46-800C-DA1116C7B361, FacID: 1
Error: 401, OrgUUID: DED04873-CDFD-4E02-9806-A8C89527E2A5, FacID: 2
Error: 401, OrgUUID: DED04873-CDFD-4E02-9806-A8C89527E2A5, FacID: 20
Error: 401, OrgUUID: DED04873-CDFD-4E02-9806-A8C89527E2A5, FacID: 23
Error: 401, OrgUUID: DED04873-CDFD-4E02-9806-A8C89527E2A5, FacID: 31
Error: 401, OrgUUID: DED04873-CDFD-4E02-9806-A8C89527E2A5, FacID: 47
Error: 401, OrgUUID: 42AF0791-F27E-41D4-AC11-1AF9CC8A94EF, FacID: 33
Error: 401, OrgUUID: 42AF0791-F27E-41D4-AC11-1AF9CC8A94EF, FacID: 35
Error: 401, OrgUUID: 42AF0791-F27E-41D4-AC11-1AF9CC8A94EF, FacID: 36
Error: 401, OrgUUID: 42AF0791-F27E-41D4-AC11-1AF9CC8A94EF, FacID: 37
Error: 401, OrgUUID: 42AF0791-F27E-41D4-AC11-1AF9CC8A94EF, FacID: 38
Error: 401, OrgUUID: 42AF0791-F27E-41D4-AC11-1AF9CC8A94EF, FacID: 39
Error: 401, OrgUUID: 42AF0791-F27E-41D4-AC11-1AF9CC8A94EF, FacID: 40
Error: 401, OrgUUID: 42AF0791-F27E-41D4-AC11-1AF9CC8A94EF, FacID: 41
Error: 401, OrgUUID: 42AF0791-F27E-41D4-AC11-1AF9CC8A94EF, FacID: 42
Error: 401, OrgUUID: 42AF0791-F27E-41D4-AC11-1AF9CC8A94EF, FacID: 43
Error: 401, OrgUUID: 42AF0791-F27E-41D4-AC11-1AF9CC8A94EF, FacID: 12
Error: 401, OrgUUID: 42AF0791-F27E-41D4-AC11-1AF9CC8A94EF, FacID: 13
Error: 401, OrgUUID: 42AF0791-F27E-41D4-AC11-1AF9CC8A94EF, FacID: 14
Error: 401, OrgUUID: 42AF0791-F27E-41D4-AC11-1AF9CC8A94EF, FacID: 23
Error: 401, OrgUUID: 42AF0791-F27E-41D4-AC11-1AF9CC8A94EF, FacID: 29
Error: 401, OrgUUID: 0C8B489D-6B26-405F-876F-4A03A41A9CA0, FacID: 1
Error: 401, OrgUUID: E58B7580-B6CC-46CC-AE7B-181E3FC46999, FacID: 20
Error: 401, OrgUUID: E58B7580-B6CC-46CC-AE7B-181E3FC46999, FacID: 6
Error: 401, OrgUUID: E58B7580-B6CC-46CC-AE7B-181E3FC46999, FacID: 22
Error: 401, OrgUUID: E58B7580-B6CC-46CC-AE7B-181E3FC46999, FacID: 10
Error: 401, OrgUUID: 5A25F205-07FF-4D03-B15A-DFB113645342, FacID: 37
Error: 401, OrgUUID: 5A25F205-07FF-4D03-B15A-DFB113645342, FacID: 38
Error: 401, OrgUUID: 659ACD53-9453-4FCA-AAF7-6B6BA0942E2B, FacID: 34
Error: 401, OrgUUID: 659ACD53-9453-4FCA-AAF7-6B6BA0942E2B, FacID: 36
Error: 401, OrgUUID: 659ACD53-9453-4FCA-AAF7-6B6BA0942E2B, FacID: 38
Error: 401, OrgUUID: 659ACD53-9453-4FCA-AAF7-6B6BA0942E2B, FacID: 39
Error: 401, OrgUUID: 659ACD53-9453-4FCA-AAF7-6B6BA0942E2B, FacID: 29
Error: 401, OrgUUID: 44DAE95E-A635-4921-B817-2B8D4FC98A48, FacID: 9
Error: 401, OrgUUID: 44DAE95E-A635-4921-B817-2B8D4FC98A48, FacID: 15
Error: 401, OrgUUID: 4D500799-EDE6-49A0-820A-4C616879ADDC, FacID: 36
Error: 401, OrgUUID: 4D500799-EDE6-49A0-820A-4C616879ADDC, FacID: 39
Error: 401, OrgUUID: 4D500799-EDE6-49A0-820A-4C616879ADDC, FacID: 40
Error: 401, OrgUUID: 4D500799-EDE6-49A0-820A-4C616879ADDC, FacID: 41
Error: 401, OrgUUID: 4D500799-EDE6-49A0-820A-4C616879ADDC, FacID: 26
Error: 401, OrgUUID: 63ED0839-FC23-49D6-880F-EEFD4CD27404, FacID: 76
Error: 401, OrgUUID: 1C4B6A09-681A-41D4-B3FA-0666663A1105, FacID: 32
Error: 401, OrgUUID: 1C4B6A09-681A-41D4-B3FA-0666663A1105, FacID: 48
Error: 401, OrgUUID: 1C4B6A09-681A-41D4-B3FA-0666663A1105, FacID: 52
Error: 401, OrgUUID: 1C4B6A09-681A-41D4-B3FA-0666663A1105, FacID: 53
Error: 401, OrgUUID: 1C4B6A09-681A-41D4-B3FA-0666663A1105, FacID: 27
Error: 401, OrgUUID: ABCA3F64-58A8-4825-9C21-07E3421CB80B, FacID: 30
Error: 401, OrgUUID: ABCA3F64-58A8-4825-9C21-07E3421CB80B, FacID: 31
Error: 401, OrgUUID: ABCA3F64-58A8-4825-9C21-07E3421CB80B, FacID: 32
Error: 401, OrgUUID: ABCA3F64-58A8-4825-9C21-07E3421CB80B, FacID: 6
Error: 401, OrgUUID: ABCA3F64-58A8-4825-9C21-07E3421CB80B, FacID: 7
Error: 401, OrgUUID: ABCA3F64-58A8-4825-9C21-07E3421CB80B, FacID: 8
Error: 401, OrgUUID: ABCA3F64-58A8-4825-9C21-07E3421CB80B, FacID: 11
Error: 401, OrgUUID: ABCA3F64-58A8-4825-9C21-07E3421CB80B, FacID: 12
Error: 401, OrgUUID: ABCA3F64-58A8-4825-9C21-07E3421CB80B, FacID: 13
Error: 401, OrgUUID: ABCA3F64-58A8-4825-9C21-07E3421CB80B, FacID: 15
Error: 401, OrgUUID: ABCA3F64-58A8-4825-9C21-07E3421CB80B, FacID: 16
Error: 401, OrgUUID: ABCA3F64-58A8-4825-9C21-07E3421CB80B, FacID: 17
Error: 401, OrgUUID: ABCA3F64-58A8-4825-9C21-07E3421CB80B, FacID: 19
Error: 401, OrgUUID: ABCA3F64-58A8-4825-9C21-07E3421CB80B, FacID: 20
Error: 401, OrgUUID: ABCA3F64-58A8-4825-9C21-07E3421CB80B, FacID: 21
Error: 401, OrgUUID: ABCA3F64-58A8-4825-9C21-07E3421CB80B, FacID: 23
Error: 401, OrgUUID: ABCA3F64-58A8-4825-9C21-07E3421CB80B, FacID: 24
Error: 401, OrgUUID: ABCA3F64-58A8-4825-9C21-07E3421CB80B, FacID: 25
Error: 401, OrgUUID: ABCA3F64-58A8-4825-9C21-07E3421CB80B, FacID: 26
Error: 401, OrgUUID: ABCA3F64-58A8-4825-9C21-07E3421CB80B, FacID: 27
Error: 401, OrgUUID: ABCA3F64-58A8-4825-9C21-07E3421CB80B, FacID: 28
Error: 401, OrgUUID: 037E292A-6807-4ECB-B1AD-5ADAF189AF8C, FacID: 1
Error: 401, OrgUUID: 037E292A-6807-4ECB-B1AD-5ADAF189AF8C, FacID: 3
Error: 401, OrgUUID: 037E292A-6807-4ECB-B1AD-5ADAF189AF8C, FacID: 4
Error: 401, OrgUUID: 037E292A-6807-4ECB-B1AD-5ADAF189AF8C, FacID: 5
Error: 401, OrgUUID: 037E292A-6807-4ECB-B1AD-5ADAF189AF8C, FacID: 7
Error: 401, OrgUUID: 037E292A-6807-4ECB-B1AD-5ADAF189AF8C, FacID: 8
Error: 401, OrgUUID: 0D6E31E6-CE24-4999-90AA-66F39BC3A8BE, FacID: 1
Error: 401, OrgUUID: 6714227C-9811-4847-AEC2-55B5EE8C6809, FacID: 1
Error: 401, OrgUUID: 294E1386-D67B-4269-AE22-EDCAB0CC74B0, FacID: 16
Error: 401, OrgUUID: 294E1386-D67B-4269-AE22-EDCAB0CC74B0, FacID: 17
Error: 401, OrgUUID: 294E1386-D67B-4269-AE22-EDCAB0CC74B0, FacID: 18
Error: 401, OrgUUID: B1D359A9-4A43-4746-80D8-2DE99151B55D, FacID: 32
Error: 401, OrgUUID: B1D359A9-4A43-4746-80D8-2DE99151B55D, FacID: 1
Error: 401, OrgUUID: B1D359A9-4A43-4746-80D8-2DE99151B55D, FacID: 3
Error: 401, OrgUUID: B1D359A9-4A43-4746-80D8-2DE99151B55D, FacID: 36
Error: 401, OrgUUID: B1D359A9-4A43-4746-80D8-2DE99151B55D, FacID: 41
Error: 401, OrgUUID: B1D359A9-4A43-4746-80D8-2DE99151B55D, FacID: 10
Error: 401, OrgUUID: B1D359A9-4A43-4746-80D8-2DE99151B55D, FacID: 42
Error: 401, OrgUUID: B1D359A9-4A43-4746-80D8-2DE99151B55D, FacID: 11
Error: 401, OrgUUID: B1D359A9-4A43-4746-80D8-2DE99151B55D, FacID: 43
Error: 401, OrgUUID: B1D359A9-4A43-4746-80D8-2DE99151B55D, FacID: 44
Error: 401, OrgUUID: B1D359A9-4A43-4746-80D8-2DE99151B55D, FacID: 15
Error: 401, OrgUUID: B1D359A9-4A43-4746-80D8-2DE99151B55D, FacID: 48
Error: 401, OrgUUID: B1D359A9-4A43-4746-80D8-2DE99151B55D, FacID: 18
Error: 401, OrgUUID: B1D359A9-4A43-4746-80D8-2DE99151B55D, FacID: 22
Error: 401, OrgUUID: B1D359A9-4A43-4746-80D8-2DE99151B55D, FacID: 25
Error: 401, OrgUUID: B1D359A9-4A43-4746-80D8-2DE99151B55D, FacID: 57
Error: 401, OrgUUID: B1D359A9-4A43-4746-80D8-2DE99151B55D, FacID: 29
Error: 401, OrgUUID: B1D359A9-4A43-4746-80D8-2DE99151B55D, FacID: 61
Error: 401, OrgUUID: 45A38623-F26B-432C-8030-A632737125F6, FacID: 60
Error: 401, OrgUUID: 45A38623-F26B-432C-8030-A632737125F6, FacID: 78
Error: 401, OrgUUID: 50B2F434-D827-403C-ADA6-74F4B2D0A59B, FacID: 402
Error: 401, OrgUUID: 50B2F434-D827-403C-ADA6-74F4B2D0A59B, FacID: 226
Error: 401, OrgUUID: 50B2F434-D827-403C-ADA6-74F4B2D0A59B, FacID: 227
Error: 401, OrgUUID: 50B2F434-D827-403C-ADA6-74F4B2D0A59B, FacID: 229
Error: 401, OrgUUID: CFD4FBB5-DF81-40E6-81B0-1A9EA3BDA2FE, FacID: 1
Error: 401, OrgUUID: CFD4FBB5-DF81-40E6-81B0-1A9EA3BDA2FE, FacID: 22
Error: 401, OrgUUID: CFD4FBB5-DF81-40E6-81B0-1A9EA3BDA2FE, FacID: 25
Error: 401, OrgUUID: CFD4FBB5-DF81-40E6-81B0-1A9EA3BDA2FE, FacID: 10
Error: 401, OrgUUID: CFD4FBB5-DF81-40E6-81B0-1A9EA3BDA2FE, FacID: 26
Error: 401, OrgUUID: CFD4FBB5-DF81-40E6-81B0-1A9EA3BDA2FE, FacID: 12
Error: 401, OrgUUID: F2AEB534-2DB8-4FD6-AA5B-22BABC8C62D5, FacID: 1
Error: 401, OrgUUID: F2AEB534-2DB8-4FD6-AA5B-22BABC8C62D5, FacID: 2
Error: 401, OrgUUID: E6010080-171E-4B44-B8DE-01FDFD4B157D, FacID: 20
Error: 401, OrgUUID: E6010080-171E-4B44-B8DE-01FDFD4B157D, FacID: 22
Error: 401, OrgUUID: E6010080-171E-4B44-B8DE-01FDFD4B157D, FacID: 23
Error: 401, OrgUUID: F527DDE2-A615-4233-8C60-EB8EA2753B7D, FacID: 49
Error: 401, OrgUUID: F527DDE2-A615-4233-8C60-EB8EA2753B7D, FacID: 20
Error: 401, OrgUUID: F527DDE2-A615-4233-8C60-EB8EA2753B7D, FacID: 52
Error: 401, OrgUUID: F527DDE2-A615-4233-8C60-EB8EA2753B7D, FacID: 54
Error: 401, OrgUUID: F527DDE2-A615-4233-8C60-EB8EA2753B7D, FacID: 56
Error: 401, OrgUUID: F527DDE2-A615-4233-8C60-EB8EA2753B7D, FacID: 58
Error: 401, OrgUUID: F527DDE2-A615-4233-8C60-EB8EA2753B7D, FacID: 11
Error: 401, OrgUUID: F527DDE2-A615-4233-8C60-EB8EA2753B7D, FacID: 59
Error: 401, OrgUUID: F527DDE2-A615-4233-8C60-EB8EA2753B7D, FacID: 60
Error: 401, OrgUUID: F527DDE2-A615-4233-8C60-EB8EA2753B7D, FacID: 29
Error: 401, OrgUUID: F527DDE2-A615-4233-8C60-EB8EA2753B7D, FacID: 61
Error: 401, OrgUUID: F527DDE2-A615-4233-8C60-EB8EA2753B7D, FacID: 62
Error: 401, OrgUUID: 3467E0B6-F7C5-4A79-9B2A-7B48BEF75008, FacID: 1
Error: 401, OrgUUID: 280453FA-C1D7-4E82-98B2-7EC98939F498, FacID: 48
Error: 401, OrgUUID: 280453FA-C1D7-4E82-98B2-7EC98939F498, FacID: 35
Error: 401, OrgUUID: 280453FA-C1D7-4E82-98B2-7EC98939F498, FacID: 36
Error: 401, OrgUUID: 280453FA-C1D7-4E82-98B2-7EC98939F498, FacID: 37
Error: 401, OrgUUID: 280453FA-C1D7-4E82-98B2-7EC98939F498, FacID: 39
Error: 401, OrgUUID: 280453FA-C1D7-4E82-98B2-7EC98939F498, FacID: 41
Error: 401, OrgUUID: 280453FA-C1D7-4E82-98B2-7EC98939F498, FacID: 42
Error: 401, OrgUUID: 280453FA-C1D7-4E82-98B2-7EC98939F498, FacID: 43
Error: 401, OrgUUID: 280453FA-C1D7-4E82-98B2-7EC98939F498, FacID: 44
Error: 401, OrgUUID: 280453FA-C1D7-4E82-98B2-7EC98939F498, FacID: 45
Error: 401, OrgUUID: 280453FA-C1D7-4E82-98B2-7EC98939F498, FacID: 46
Error: 401, OrgUUID: 280453FA-C1D7-4E82-98B2-7EC98939F498, FacID: 47
Error: 401, OrgUUID: 03B88E4D-E8D2-40C2-9EAA-4BC8B2EF5B55, FacID: 108
Error: 401, OrgUUID: 03B88E4D-E8D2-40C2-9EAA-4BC8B2EF5B55, FacID: 13
Error: 401, OrgUUID: 03B88E4D-E8D2-40C2-9EAA-4BC8B2EF5B55, FacID: 109
Error: 401, OrgUUID: BA81448A-0304-4B11-BEB6-BB2279F066C2, FacID: 16
Error: 401, OrgUUID: BA81448A-0304-4B11-BEB6-BB2279F066C2, FacID: 17
Error: 401, OrgUUID: BA81448A-0304-4B11-BEB6-BB2279F066C2, FacID: 18
Error: 401, OrgUUID: BA81448A-0304-4B11-BEB6-BB2279F066C2, FacID: 19
Error: 401, OrgUUID: BA81448A-0304-4B11-BEB6-BB2279F066C2, FacID: 4
Error: 401, OrgUUID: BA81448A-0304-4B11-BEB6-BB2279F066C2, FacID: 8
Error: 401, OrgUUID: BA81448A-0304-4B11-BEB6-BB2279F066C2, FacID: 9
Error: 401, OrgUUID: BA81448A-0304-4B11-BEB6-BB2279F066C2, FacID: 10
Error: 401, OrgUUID: BA81448A-0304-4B11-BEB6-BB2279F066C2, FacID: 12
Error: 401, OrgUUID: BA81448A-0304-4B11-BEB6-BB2279F066C2, FacID: 15
Error: 401, OrgUUID: 298C79CD-BD58-454A-A8B2-1738A4C24B3E, FacID: 1
Error: 401, OrgUUID: 298C79CD-BD58-454A-A8B2-1738A4C24B3E, FacID: 2
Error: 401, OrgUUID: 298C79CD-BD58-454A-A8B2-1738A4C24B3E, FacID: 3
Error: 401, OrgUUID: 298C79CD-BD58-454A-A8B2-1738A4C24B3E, FacID: 4
Error: 401, OrgUUID: 782CDAF0-CAB2-4492-BA6F-56BF5517BB3F, FacID: 2
Error: 401, OrgUUID: 782CDAF0-CAB2-4492-BA6F-56BF5517BB3F, FacID: 22
Error: 401, OrgUUID: 782CDAF0-CAB2-4492-BA6F-56BF5517BB3F, FacID: 6
Error: 401, OrgUUID: 782CDAF0-CAB2-4492-BA6F-56BF5517BB3F, FacID: 23
Error: 401, OrgUUID: 782CDAF0-CAB2-4492-BA6F-56BF5517BB3F, FacID: 7
Error: 401, OrgUUID: 782CDAF0-CAB2-4492-BA6F-56BF5517BB3F, FacID: 8
Error: 401, OrgUUID: 782CDAF0-CAB2-4492-BA6F-56BF5517BB3F, FacID: 9
Error: 401, OrgUUID: 782CDAF0-CAB2-4492-BA6F-56BF5517BB3F, FacID: 13
Error: 401, OrgUUID: 4BF1A5D7-42DB-47B3-8611-359FB59B3832, FacID: 71
Error: 401, OrgUUID: 4BF1A5D7-42DB-47B3-8611-359FB59B3832, FacID: 14
Error: 401, OrgUUID: 4BF1A5D7-42DB-47B3-8611-359FB59B3832, FacID: 78
Error: 401, OrgUUID: AAE614FD-A22F-4636-B9B3-A166EE83AA4D, FacID: 75
Error: 401, OrgUUID: AAE614FD-A22F-4636-B9B3-A166EE83AA4D, FacID: 79
Error: 401, OrgUUID: 84096C08-DA79-4E6E-AEC5-C928361D4A3F, FacID: 6
Error: 401, OrgUUID: 9532A704-9975-40FA-92F7-DE4CE697E8DC, FacID: 16
Error: 401, OrgUUID: 9532A704-9975-40FA-92F7-DE4CE697E8DC, FacID: 33
Error: 401, OrgUUID: 9532A704-9975-40FA-92F7-DE4CE697E8DC, FacID: 34
Error: 401, OrgUUID: 9532A704-9975-40FA-92F7-DE4CE697E8DC, FacID: 19
Error: 401, OrgUUID: 9532A704-9975-40FA-92F7-DE4CE697E8DC, FacID: 21
Error: 401, OrgUUID: 9532A704-9975-40FA-92F7-DE4CE697E8DC, FacID: 7
Error: 401, OrgUUID: 9532A704-9975-40FA-92F7-DE4CE697E8DC, FacID: 23
Error: 401, OrgUUID: 9532A704-9975-40FA-92F7-DE4CE697E8DC, FacID: 26
Error: 401, OrgUUID: 9532A704-9975-40FA-92F7-DE4CE697E8DC, FacID: 11
Error: 401, OrgUUID: 9532A704-9975-40FA-92F7-DE4CE697E8DC, FacID: 14
Error: 401, OrgUUID: 9532A704-9975-40FA-92F7-DE4CE697E8DC, FacID: 15
Error: 401, OrgUUID: 9532A704-9975-40FA-92F7-DE4CE697E8DC, FacID: 31
Error: 401, OrgUUID: 30A4AB5B-9A14-43CE-9737-0E734F156269, FacID: 5
Error: 401, OrgUUID: 30A4AB5B-9A14-43CE-9737-0E734F156269, FacID: 6
Error: 401, OrgUUID: 30A4AB5B-9A14-43CE-9737-0E734F156269, FacID: 7
Error: 401, OrgUUID: 30A4AB5B-9A14-43CE-9737-0E734F156269, FacID: 8
Error: 401, OrgUUID: 8C809285-483D-45DD-AC19-C12AFAB3219A, FacID: 1
Error: 401, OrgUUID: 8C809285-483D-45DD-AC19-C12AFAB3219A, FacID: 3
Error: 401, OrgUUID: 8C809285-483D-45DD-AC19-C12AFAB3219A, FacID: 68
Error: 401, OrgUUID: 8C809285-483D-45DD-AC19-C12AFAB3219A, FacID: 69
Error: 401, OrgUUID: 8C809285-483D-45DD-AC19-C12AFAB3219A, FacID: 70
Error: 401, OrgUUID: 8C809285-483D-45DD-AC19-C12AFAB3219A, FacID: 71
Error: 401, OrgUUID: 8C809285-483D-45DD-AC19-C12AFAB3219A, FacID: 8
Error: 401, OrgUUID: 8C809285-483D-45DD-AC19-C12AFAB3219A, FacID: 9
Error: 401, OrgUUID: 8C809285-483D-45DD-AC19-C12AFAB3219A, FacID: 11
Error: 401, OrgUUID: 8C809285-483D-45DD-AC19-C12AFAB3219A, FacID: 14
Error: 401, OrgUUID: 8C809285-483D-45DD-AC19-C12AFAB3219A, FacID: 15
Error: 401, OrgUUID: 8C809285-483D-45DD-AC19-C12AFAB3219A, FacID: 18
Error: 401, OrgUUID: 8C809285-483D-45DD-AC19-C12AFAB3219A, FacID: 20
Error: 401, OrgUUID: 8C809285-483D-45DD-AC19-C12AFAB3219A, FacID: 21
Error: 401, OrgUUID: 8C809285-483D-45DD-AC19-C12AFAB3219A, FacID: 23
Error: 401, OrgUUID: 8C809285-483D-45DD-AC19-C12AFAB3219A, FacID: 31
Error: 401, OrgUUID: 8C809285-483D-45DD-AC19-C12AFAB3219A, FacID: 32
Error: 401, OrgUUID: 8C809285-483D-45DD-AC19-C12AFAB3219A, FacID: 35
Error: 401, OrgUUID: 8C809285-483D-45DD-AC19-C12AFAB3219A, FacID: 36
Error: 401, OrgUUID: 8C809285-483D-45DD-AC19-C12AFAB3219A, FacID: 37
Error: 401, OrgUUID: 8C809285-483D-45DD-AC19-C12AFAB3219A, FacID: 39
Error: 401, OrgUUID: 8C809285-483D-45DD-AC19-C12AFAB3219A, FacID: 43
Error: 401, OrgUUID: 8C809285-483D-45DD-AC19-C12AFAB3219A, FacID: 44
Error: 401, OrgUUID: 8C809285-483D-45DD-AC19-C12AFAB3219A, FacID: 51
Error: 401, OrgUUID: 8C809285-483D-45DD-AC19-C12AFAB3219A, FacID: 54
Error: 401, OrgUUID: 5A0C736B-7652-4792-A81E-5C35FB3478E4, FacID: 70
Error: 401, OrgUUID: 5A0C736B-7652-4792-A81E-5C35FB3478E4, FacID: 59
Error: 401, OrgUUID: 5A0C736B-7652-4792-A81E-5C35FB3478E4, FacID: 78
Error: 401, OrgUUID: 48DE5E64-7E68-4E6F-8F6E-4329C1199966, FacID: 36
Error: 401, OrgUUID: D7E7B1BC-439C-4C05-BB20-E09C3A825627, FacID: 34
Error: 401, OrgUUID: D7E7B1BC-439C-4C05-BB20-E09C3A825627, FacID: 98
Error: 401, OrgUUID: D7E7B1BC-439C-4C05-BB20-E09C3A825627, FacID: 99
Error: 401, OrgUUID: D7E7B1BC-439C-4C05-BB20-E09C3A825627, FacID: 4
Error: 401, OrgUUID: D7E7B1BC-439C-4C05-BB20-E09C3A825627, FacID: 100
Error: 401, OrgUUID: D7E7B1BC-439C-4C05-BB20-E09C3A825627, FacID: 37
Error: 401, OrgUUID: D7E7B1BC-439C-4C05-BB20-E09C3A825627, FacID: 8
Error: 401, OrgUUID: D7E7B1BC-439C-4C05-BB20-E09C3A825627, FacID: 40
Error: 401, OrgUUID: D7E7B1BC-439C-4C05-BB20-E09C3A825627, FacID: 42
Error: 401, OrgUUID: D7E7B1BC-439C-4C05-BB20-E09C3A825627, FacID: 17
Error: 401, OrgUUID: D7E7B1BC-439C-4C05-BB20-E09C3A825627, FacID: 18
Error: 401, OrgUUID: D7E7B1BC-439C-4C05-BB20-E09C3A825627, FacID: 20
Error: 401, OrgUUID: D7E7B1BC-439C-4C05-BB20-E09C3A825627, FacID: 53
Error: 401, OrgUUID: D7E7B1BC-439C-4C05-BB20-E09C3A825627, FacID: 89
Error: 401, OrgUUID: D7E7B1BC-439C-4C05-BB20-E09C3A825627, FacID: 58
Error: 401, OrgUUID: D7E7B1BC-439C-4C05-BB20-E09C3A825627, FacID: 90
Error: 401, OrgUUID: D7E7B1BC-439C-4C05-BB20-E09C3A825627, FacID: 59
Error: 401, OrgUUID: D7E7B1BC-439C-4C05-BB20-E09C3A825627, FacID: 91
Error: 401, OrgUUID: D7E7B1BC-439C-4C05-BB20-E09C3A825627, FacID: 60
Error: 401, OrgUUID: D7E7B1BC-439C-4C05-BB20-E09C3A825627, FacID: 92
Error: 401, OrgUUID: D7E7B1BC-439C-4C05-BB20-E09C3A825627, FacID: 61
Error: 401, OrgUUID: D7E7B1BC-439C-4C05-BB20-E09C3A825627, FacID: 62
Error: 401, OrgUUID: 35DD34B7-A51D-4EDD-97F3-CC05481E9005, FacID: 260
Error: 401, OrgUUID: 35DD34B7-A51D-4EDD-97F3-CC05481E9005, FacID: 261
Error: 401, OrgUUID: 35DD34B7-A51D-4EDD-97F3-CC05481E9005, FacID: 263
Error: 401, OrgUUID: E017343B-08E9-45B1-94A3-7D259BF136B7, FacID: N/A
Error: 401, OrgUUID: A0652FA5-D41A-4701-89E7-709F8E4E4F25, FacID: N/A
